Type,Name,Request Count,Failure Count,Median Response Time,Average Response Time,Min Response Time,Max Response Time,Average Content Size,Requests/s,Failures/s,50%,66%,75%,80%,90%,95%,98%,99%,99.9%,99.99%,100%
POST,/api/preorder/v1/global/create_preorder,82,30,45000.0,46164.99820067306,841.1564579582773,84866.12591694575,15.5,0.8281553688595679,0.30298367153398825,45000,60000,68000,72000,76000,79000,83000,85000,85000,85000,85000
,Aggregated,82,30,45000.0,46164.99820067306,841.1564579582773,84866.12591694575,15.5,0.8281553688595679,0.30298367153398825,45000,60000,68000,72000,76000,79000,83000,85000,85000,85000,85000
